"group","years","volume"
"control",0,6.175
"control",0,6.22
"control",0,6.36
"control",0,6.465
"control",0,6.54
"control",0,6.78
"control",0,6.98
"control",0,7.075
"control",0,7.12
"control",0,7.32
"control",0,7.445
"control",0,7.56
"control",0,7.615
"control",0,7.72
"control",0,8.225
"control",0,8.51
"control",0,8.67
"control",0,8.71
"control",0,8.725
"control",0,9.37
"control",0,9.645
"control",0,9.71
"control",0,6.435
"control",0,7.305
"control",0,7.385
"fb_no_concuss",14,4.81
"fb_no_concuss",8,5.155
"fb_no_concuss",9,5.5
"fb_no_concuss",14,5.515
"fb_no_concuss",9,5.82
"fb_no_concuss",12,5.835
"fb_no_concuss",9,5.965
"fb_no_concuss",9,6.03
"fb_no_concuss",11,6.075
"fb_no_concuss",15,6.13
"fb_no_concuss",8,6.345
"fb_no_concuss",13,6.405
"fb_no_concuss",11,6.515
"fb_no_concuss",7,6.665
"fb_no_concuss",14,6.69
"fb_no_concuss",8,6.7
"fb_no_concuss",12,6.755
"fb_no_concuss",9,6.935
"fb_no_concuss",8,7.02
"fb_no_concuss",7,7.095
"fb_no_concuss",7,7.165
"fb_no_concuss",8,7.42
"fb_no_concuss",8,7.56
"fb_no_concuss",7,7.585
"fb_no_concuss",12,7.79
"fb_concuss",13,4.49
"fb_concuss",14,4.525
"fb_concuss",18,5.02
"fb_concuss",11,5.265
"fb_concuss",7,5.37
"fb_concuss",17,5.415
"fb_concuss",15,5.505
"fb_concuss",14,5.52
"fb_concuss",14,5.59
"fb_concuss",13,5.61
"fb_concuss",11,5.68
"fb_concuss",15,5.695
"fb_concuss",10,5.71
"fb_concuss",13,5.735
"fb_concuss",15,5.735
"fb_concuss",14,5.765
"fb_concuss",15,5.81
"fb_concuss",13,5.865
"fb_concuss",13,6.035
"fb_concuss",10,6.175
"fb_concuss",14,6.19
"fb_concuss",13,6.42
"fb_concuss",15,6.445
"fb_concuss",9,6.635
"fb_concuss",12,7.16
